Molecule,E_xTB (eV),E_DFT (eV),Delta_E (eV),MAE (kcal/mol)
Methane,0.0,-1101.5323728466922,-1101.5323728466922,25401.887284031145
Water,0.0,-2078.0419627712918,-2078.0419627712918,47920.68668248738
Methanol,0.0,-3146.774737989115,-3146.774737989115,72566.19884539799
